feature,bestF1
count,0.503145
mean,0.997506
max,0.287902
p90,1
p99,0.292398
