feature,bestF1
count,0.503145
mean,0.885572
max,0.2886
p90,1
p99,0.292398
