feature,bestF1
count,0.503145
mean,0.617925
max,0.286125
p90,1
p99,0.292184
